filename,label
T_1000001.wav,genuine
T_1000002.wav,genuine
T_1000003.wav,genuine
T_1000004.wav,genuine
T_1000005.wav,genuine
T_1000006.wav,genuine
T_1000007.wav,genuine
T_1000008.wav,genuine
T_1000009.wav,genuine
T_1000010.wav,genuine
T_1000011.wav,genuine
T_1000012.wav,genuine
T_1000013.wav,genuine
T_1000014.wav,genuine
T_1000015.wav,genuine
T_1000016.wav,genuine
T_1000017.wav,genuine
T_1000018.wav,genuine
T_1000019.wav,genuine
T_1000020.wav,genuine
T_1000021.wav,genuine
T_1000022.wav,genuine
T_1000023.wav,genuine
T_1000024.wav,genuine
T_1000025.wav,genuine
T_1000026.wav,genuine
T_1000027.wav,genuine
T_1000028.wav,genuine
T_1000029.wav,genuine
T_1000030.wav,genuine
T_1000031.wav,genuine
T_1000032.wav,genuine
T_1000033.wav,genuine
T_1000034.wav,genuine
T_1000035.wav,genuine
T_1000036.wav,genuine
T_1000037.wav,genuine
T_1000038.wav,genuine
T_1000039.wav,genuine
T_1000040.wav,genuine
T_1000041.wav,genuine
T_1000042.wav,genuine
T_1000043.wav,genuine
T_1000044.wav,genuine
T_1000045.wav,genuine
T_1000046.wav,genuine
T_1000047.wav,genuine
T_1000048.wav,genuine
T_1000049.wav,genuine
T_1000050.wav,genuine
T_1000051.wav,genuine
T_1000052.wav,genuine
T_1000053.wav,genuine
T_1000054.wav,genuine
T_1000055.wav,genuine
T_1000056.wav,genuine
T_1000057.wav,genuine
T_1000058.wav,genuine
T_1000059.wav,genuine
T_1000060.wav,genuine
T_1000061.wav,genuine
T_1000062.wav,genuine
T_1000063.wav,genuine
T_1000064.wav,genuine
T_1000065.wav,genuine
T_1000066.wav,genuine
T_1000067.wav,genuine
T_1000068.wav,genuine
T_1000069.wav,genuine
T_1000070.wav,genuine
T_1000071.wav,genuine
T_1000072.wav,genuine
T_1000073.wav,genuine
T_1000074.wav,genuine
T_1000075.wav,genuine
T_1000076.wav,genuine
T_1000077.wav,genuine
T_1000078.wav,genuine
T_1000079.wav,genuine
T_1000080.wav,genuine
T_1000081.wav,genuine
T_1000082.wav,genuine
T_1000083.wav,genuine
T_1000084.wav,genuine
T_1000085.wav,genuine
T_1000086.wav,genuine
T_1000087.wav,genuine
T_1000088.wav,genuine
T_1000089.wav,genuine
T_1000090.wav,genuine
T_1000091.wav,genuine
T_1000092.wav,genuine
T_1000093.wav,genuine
T_1000094.wav,genuine
T_1000095.wav,genuine
T_1000096.wav,genuine
T_1000097.wav,genuine
T_1000098.wav,genuine
T_1000099.wav,genuine
T_1000100.wav,genuine
T_1000101.wav,genuine
T_1000102.wav,genuine
T_1000103.wav,genuine
T_1000104.wav,genuine
T_1000105.wav,genuine
T_1000106.wav,genuine
T_1000107.wav,genuine
T_1000108.wav,genuine
T_1000109.wav,genuine
T_1000110.wav,genuine
T_1000111.wav,genuine
T_1000112.wav,genuine
T_1000113.wav,genuine
T_1000114.wav,genuine
T_1000115.wav,genuine
T_1000116.wav,genuine
T_1000117.wav,genuine
T_1000118.wav,genuine
T_1000119.wav,genuine
T_1000120.wav,genuine
T_1000121.wav,genuine
T_1000122.wav,genuine
T_1000123.wav,genuine
T_1000124.wav,genuine
T_1000125.wav,genuine
T_1000126.wav,genuine
T_1000127.wav,genuine
T_1000128.wav,genuine
T_1000129.wav,genuine
T_1000130.wav,genuine
T_1000131.wav,genuine
T_1000132.wav,genuine
T_1000133.wav,genuine
T_1000134.wav,genuine
T_1000135.wav,genuine
T_1000136.wav,genuine
T_1000137.wav,genuine
T_1000138.wav,genuine
T_1000139.wav,genuine
T_1000140.wav,genuine
T_1000141.wav,genuine
T_1000142.wav,genuine
T_1000143.wav,genuine
T_1000144.wav,genuine
T_1000145.wav,genuine
T_1000146.wav,genuine
T_1000147.wav,genuine
T_1000148.wav,genuine
T_1000149.wav,genuine
T_1000151.wav,genuine
T_1000152.wav,genuine
T_1000153.wav,genuine
T_1000154.wav,genuine
T_1000155.wav,genuine
T_1000156.wav,genuine
T_1000157.wav,genuine
T_1000158.wav,genuine
T_1000159.wav,genuine
T_1000160.wav,genuine
T_1000161.wav,genuine
T_1000162.wav,genuine
T_1000163.wav,genuine
T_1000164.wav,genuine
T_1000165.wav,genuine
T_1000166.wav,genuine
T_1000167.wav,genuine
T_1000168.wav,genuine
T_1000169.wav,genuine
T_1000170.wav,genuine
T_1000171.wav,genuine
T_1000172.wav,genuine
T_1000173.wav,genuine
T_1000174.wav,genuine
T_1000175.wav,genuine
T_1000176.wav,genuine
T_1000177.wav,genuine
T_1000178.wav,genuine
T_1000179.wav,genuine
T_1000180.wav,genuine
T_1000181.wav,genuine
T_1000182.wav,genuine
T_1000183.wav,genuine
T_1000184.wav,genuine
T_1000185.wav,genuine
T_1000186.wav,genuine
T_1000187.wav,genuine
T_1000188.wav,genuine
T_1000189.wav,genuine
T_1000190.wav,genuine
T_1000191.wav,genuine
T_1000192.wav,genuine
T_1000193.wav,genuine
T_1000194.wav,genuine
T_1000195.wav,genuine
T_1000196.wav,genuine
T_1000197.wav,genuine
T_1000198.wav,genuine
T_1000199.wav,genuine
T_1000200.wav,genuine
T_1000201.wav,genuine
T_1000202.wav,genuine
T_1000203.wav,genuine
T_1000204.wav,genuine
T_1000205.wav,genuine
T_1000206.wav,genuine
T_1000207.wav,genuine
T_1000208.wav,genuine
T_1000209.wav,genuine
T_1000210.wav,genuine
T_1000211.wav,genuine
T_1000212.wav,genuine
T_1000213.wav,genuine
T_1000214.wav,genuine
T_1000215.wav,genuine
T_1000216.wav,genuine
T_1000217.wav,genuine
T_1000218.wav,genuine
T_1000219.wav,genuine
T_1000220.wav,genuine
T_1000221.wav,genuine
T_1000222.wav,genuine
T_1000223.wav,genuine
T_1000224.wav,genuine
T_1000225.wav,genuine
T_1000226.wav,genuine
T_1000227.wav,genuine
T_1000228.wav,genuine
T_1000229.wav,genuine
T_1000230.wav,genuine
T_1000231.wav,genuine
T_1000232.wav,genuine
T_1000233.wav,genuine
T_1000234.wav,genuine
T_1000235.wav,genuine
T_1000236.wav,genuine
T_1000237.wav,genuine
T_1000238.wav,genuine
T_1000239.wav,genuine
T_1000240.wav,genuine
T_1000241.wav,genuine
T_1000242.wav,genuine
T_1000243.wav,genuine
T_1000244.wav,genuine
T_1000245.wav,genuine
T_1000246.wav,genuine
T_1000247.wav,genuine
T_1000248.wav,genuine
T_1000249.wav,genuine
T_1000250.wav,genuine
T_1000251.wav,genuine
T_1000252.wav,genuine
T_1000253.wav,genuine
T_1000254.wav,genuine
T_1000255.wav,genuine
T_1000256.wav,genuine
T_1000257.wav,genuine
T_1000258.wav,genuine
T_1000259.wav,genuine
T_1000260.wav,genuine
T_1000261.wav,genuine
T_1000262.wav,genuine
T_1000263.wav,genuine
T_1000264.wav,genuine
T_1000265.wav,genuine
T_1000266.wav,genuine
T_1000267.wav,genuine
T_1000268.wav,genuine
T_1000269.wav,genuine
T_1000270.wav,genuine
T_1000271.wav,genuine
T_1000272.wav,genuine
T_1000273.wav,genuine
T_1000274.wav,genuine
T_1000275.wav,genuine
T_1000276.wav,genuine
T_1000277.wav,genuine
T_1000278.wav,genuine
T_1000279.wav,genuine
T_1000280.wav,genuine
T_1000281.wav,genuine
T_1000282.wav,genuine
T_1000283.wav,genuine
T_1000284.wav,genuine
T_1000285.wav,genuine
T_1000286.wav,genuine
T_1000287.wav,genuine
T_1000288.wav,genuine
T_1000289.wav,genuine
T_1000290.wav,genuine
T_1000291.wav,genuine
T_1000292.wav,genuine
T_1000293.wav,genuine
T_1000294.wav,genuine
T_1000295.wav,genuine
T_1000296.wav,genuine
T_1000297.wav,genuine
T_1000298.wav,genuine
T_1000299.wav,genuine
T_1000300.wav,genuine
T_1000301.wav,genuine
T_1000302.wav,genuine
T_1000303.wav,genuine
T_1000304.wav,genuine
T_1000305.wav,genuine
T_1000306.wav,genuine
T_1000307.wav,genuine
T_1000308.wav,genuine
T_1000309.wav,genuine
T_1000310.wav,genuine
T_1000311.wav,genuine
T_1000312.wav,genuine
T_1000313.wav,genuine
T_1000314.wav,genuine
T_1000315.wav,genuine
T_1000316.wav,genuine
T_1000317.wav,genuine
T_1000318.wav,genuine
T_1000319.wav,genuine
T_1000320.wav,genuine
T_1000321.wav,genuine
T_1000322.wav,genuine
T_1000323.wav,genuine
T_1000324.wav,genuine
T_1000325.wav,genuine
T_1000326.wav,genuine
T_1000327.wav,genuine
T_1000328.wav,genuine
T_1000329.wav,genuine
T_1000330.wav,genuine
T_1000331.wav,genuine
T_1000332.wav,genuine
T_1000333.wav,genuine
T_1000334.wav,genuine
T_1000335.wav,genuine
T_1000336.wav,genuine
T_1000337.wav,genuine
T_1000338.wav,genuine
T_1000339.wav,genuine
T_1000340.wav,genuine
T_1000341.wav,genuine
T_1000342.wav,genuine
T_1000343.wav,genuine
T_1000344.wav,genuine
T_1000345.wav,genuine
T_1000346.wav,genuine
T_1000347.wav,genuine
T_1000348.wav,genuine
T_1000349.wav,genuine
T_1000350.wav,genuine
T_1000351.wav,genuine
T_1000352.wav,genuine
T_1000353.wav,genuine
T_1000354.wav,genuine
T_1000355.wav,genuine
T_1000356.wav,genuine
T_1000357.wav,genuine
T_1000358.wav,genuine
T_1000359.wav,genuine
T_1000360.wav,genuine
T_1000361.wav,genuine
T_1000362.wav,genuine
T_1000363.wav,genuine
T_1000364.wav,genuine
T_1000365.wav,genuine
T_1000366.wav,genuine
T_1000367.wav,genuine
T_1000368.wav,genuine
T_1000369.wav,genuine
T_1000370.wav,genuine
T_1000371.wav,genuine
T_1000372.wav,genuine
T_1000373.wav,genuine
T_1000374.wav,genuine
T_1000375.wav,genuine
T_1000376.wav,genuine
T_1000377.wav,genuine
T_1000378.wav,genuine
T_1000379.wav,genuine
T_1000380.wav,genuine
T_1000381.wav,genuine
T_1000382.wav,genuine
T_1000383.wav,genuine
T_1000384.wav,genuine
T_1000385.wav,genuine
T_1000386.wav,genuine
T_1000387.wav,genuine
T_1000388.wav,genuine
T_1000389.wav,genuine
T_1000390.wav,genuine
T_1000391.wav,genuine
T_1000392.wav,genuine
T_1000393.wav,genuine
T_1000394.wav,genuine
T_1000395.wav,genuine
T_1000396.wav,genuine
T_1000397.wav,genuine
T_1000398.wav,genuine
T_1000399.wav,genuine
T_1000400.wav,genuine
T_1000401.wav,genuine
T_1000402.wav,genuine
T_1000403.wav,genuine
T_1000404.wav,genuine
T_1000405.wav,genuine
T_1000406.wav,genuine
T_1000407.wav,genuine
T_1000408.wav,genuine
T_1000409.wav,genuine
T_1000410.wav,genuine
T_1000411.wav,genuine
T_1000412.wav,genuine
T_1000413.wav,genuine
T_1000414.wav,genuine
T_1000415.wav,genuine
T_1000416.wav,genuine
T_1000417.wav,genuine
T_1000418.wav,genuine
T_1000419.wav,genuine
T_1000420.wav,genuine
T_1000421.wav,genuine
T_1000422.wav,genuine
T_1000423.wav,genuine
T_1000424.wav,genuine
T_1000425.wav,genuine
T_1000426.wav,genuine
T_1000427.wav,genuine
T_1000428.wav,genuine
T_1000429.wav,genuine
T_1000430.wav,genuine
T_1000431.wav,genuine
T_1000432.wav,genuine
T_1000433.wav,genuine
T_1000434.wav,genuine
T_1000435.wav,genuine
T_1000436.wav,genuine
T_1000437.wav,genuine
T_1000438.wav,genuine
T_1000439.wav,genuine
T_1000440.wav,genuine
T_1000441.wav,genuine
T_1000442.wav,genuine
T_1000443.wav,genuine
T_1000444.wav,genuine
T_1000445.wav,genuine
T_1000446.wav,genuine
T_1000447.wav,genuine
T_1000448.wav,genuine
T_1000449.wav,genuine
T_1000450.wav,genuine
T_1000451.wav,genuine
T_1000452.wav,genuine
T_1000453.wav,genuine
T_1000454.wav,genuine
T_1000455.wav,genuine
T_1000456.wav,genuine
T_1000457.wav,genuine
T_1000458.wav,genuine
T_1000459.wav,genuine
T_1000460.wav,genuine
T_1000461.wav,genuine
T_1000462.wav,genuine
T_1000463.wav,genuine
T_1000464.wav,genuine
T_1000465.wav,genuine
T_1000466.wav,genuine
T_1000467.wav,genuine
T_1000468.wav,genuine
T_1000469.wav,genuine
T_1000470.wav,genuine
T_1000471.wav,genuine
T_1000472.wav,genuine
T_1000473.wav,genuine
T_1000474.wav,genuine
T_1000475.wav,genuine
T_1000476.wav,genuine
T_1000477.wav,genuine
T_1000478.wav,genuine
T_1000479.wav,genuine
T_1000480.wav,genuine
T_1000481.wav,genuine
T_1000482.wav,genuine
T_1000483.wav,genuine
T_1000484.wav,genuine
T_1000485.wav,genuine
T_1000486.wav,genuine
T_1000487.wav,genuine
T_1000488.wav,genuine
T_1000489.wav,genuine
T_1000490.wav,genuine
T_1000491.wav,genuine
T_1000492.wav,genuine
T_1000493.wav,genuine
T_1000494.wav,genuine
T_1000495.wav,genuine
T_1000496.wav,genuine
T_1000497.wav,genuine
T_1000498.wav,genuine
T_1000499.wav,genuine
T_1000500.wav,genuine
T_1000501.wav,genuine
T_1000502.wav,genuine
T_1000503.wav,genuine
T_1000504.wav,genuine
T_1000505.wav,genuine
T_1000506.wav,genuine
T_1000507.wav,genuine
T_1000508.wav,genuine
T_1000509.wav,genuine
T_1000510.wav,genuine
T_1000511.wav,genuine
T_1000512.wav,genuine
T_1000513.wav,genuine
T_1000514.wav,genuine
T_1000515.wav,genuine
T_1000516.wav,genuine
T_1000517.wav,genuine
T_1000518.wav,genuine
T_1000519.wav,genuine
T_1000520.wav,genuine
T_1000521.wav,genuine
T_1000522.wav,genuine
T_1000523.wav,genuine
T_1000524.wav,genuine
T_1000525.wav,genuine
T_1000526.wav,genuine
T_1000527.wav,genuine
T_1000528.wav,genuine
T_1000529.wav,genuine
T_1000530.wav,genuine
T_1000531.wav,genuine
T_1000532.wav,genuine
T_1000533.wav,genuine
T_1000534.wav,genuine
T_1000535.wav,genuine
T_1000536.wav,genuine
T_1000537.wav,genuine
T_1000538.wav,genuine
T_1000539.wav,genuine
T_1000540.wav,genuine
T_1000541.wav,genuine
T_1000542.wav,genuine
T_1000543.wav,genuine
T_1000544.wav,genuine
T_1000545.wav,genuine
T_1000546.wav,genuine
T_1000547.wav,genuine
T_1000548.wav,genuine
T_1000549.wav,genuine
T_1000550.wav,genuine
T_1000551.wav,genuine
T_1000552.wav,genuine
T_1000553.wav,genuine
T_1000554.wav,genuine
T_1000555.wav,genuine
T_1000556.wav,genuine
T_1000557.wav,genuine
T_1000558.wav,genuine
T_1000559.wav,genuine
T_1000560.wav,genuine
T_1000561.wav,genuine
T_1000562.wav,genuine
T_1000563.wav,genuine
T_1000564.wav,genuine
T_1000565.wav,genuine
T_1000566.wav,genuine
T_1000567.wav,genuine
T_1000568.wav,genuine
T_1000569.wav,genuine
T_1000570.wav,genuine
T_1000571.wav,genuine
T_1000572.wav,genuine
T_1000573.wav,genuine
T_1000574.wav,genuine
T_1000575.wav,genuine
T_1000576.wav,genuine
T_1000577.wav,genuine
T_1000578.wav,genuine
T_1000579.wav,genuine
T_1000580.wav,genuine
T_1000581.wav,genuine
T_1000582.wav,genuine
T_1000583.wav,genuine
T_1000584.wav,genuine
T_1000585.wav,genuine
T_1000586.wav,genuine
T_1000587.wav,genuine
T_1000588.wav,genuine
T_1000589.wav,genuine
T_1000590.wav,genuine
T_1000591.wav,genuine
T_1000592.wav,genuine
T_1000593.wav,genuine
T_1000594.wav,genuine
T_1000595.wav,genuine
T_1000596.wav,genuine
T_1000597.wav,genuine
T_1000598.wav,genuine
T_1000599.wav,genuine
T_1000600.wav,genuine
T_1000601.wav,genuine
T_1000602.wav,genuine
T_1000603.wav,genuine
T_1000604.wav,genuine
T_1000605.wav,genuine
T_1000606.wav,genuine
T_1000607.wav,genuine
T_1000608.wav,genuine
T_1000609.wav,genuine
T_1000610.wav,genuine
T_1000611.wav,genuine
T_1000612.wav,genuine
T_1000613.wav,genuine
T_1000614.wav,genuine
T_1000615.wav,genuine
T_1000616.wav,genuine
T_1000617.wav,genuine
T_1000618.wav,genuine
T_1000619.wav,genuine
T_1000620.wav,genuine
T_1000621.wav,genuine
T_1000622.wav,genuine
T_1000623.wav,genuine
T_1000624.wav,genuine
T_1000625.wav,genuine
T_1000626.wav,genuine
T_1000627.wav,genuine
T_1000628.wav,genuine
T_1000629.wav,genuine
T_1000630.wav,genuine
T_1000631.wav,genuine
T_1000632.wav,genuine
T_1000633.wav,genuine
T_1000634.wav,genuine
T_1000635.wav,genuine
T_1000636.wav,genuine
T_1000637.wav,genuine
T_1000638.wav,genuine
T_1000639.wav,genuine
T_1000640.wav,genuine
T_1000641.wav,genuine
T_1000642.wav,genuine
T_1000643.wav,genuine
T_1000644.wav,genuine
T_1000645.wav,genuine
T_1000646.wav,genuine
T_1000647.wav,genuine
T_1000648.wav,genuine
T_1000649.wav,genuine
T_1000650.wav,genuine
T_1000651.wav,genuine
T_1000652.wav,genuine
T_1000653.wav,genuine
T_1000654.wav,genuine
T_1000655.wav,genuine
T_1000656.wav,genuine
T_1000657.wav,genuine
T_1000658.wav,genuine
T_1000659.wav,genuine
T_1000660.wav,genuine
T_1000661.wav,genuine
T_1000662.wav,genuine
T_1000663.wav,genuine
T_1000664.wav,genuine
T_1000665.wav,genuine
T_1000666.wav,genuine
T_1000667.wav,genuine
T_1000668.wav,genuine
T_1000669.wav,genuine
T_1000670.wav,genuine
T_1000671.wav,genuine
T_1000672.wav,genuine
T_1000673.wav,genuine
T_1000674.wav,genuine
T_1000675.wav,genuine
T_1000676.wav,genuine
T_1000677.wav,genuine
T_1000678.wav,genuine
T_1000679.wav,genuine
T_1000680.wav,genuine
T_1000681.wav,genuine
T_1000682.wav,genuine
T_1000683.wav,genuine
T_1000684.wav,genuine
T_1000685.wav,genuine
T_1000686.wav,genuine
T_1000687.wav,genuine
T_1000688.wav,genuine
T_1000689.wav,genuine
T_1000690.wav,genuine
T_1000691.wav,genuine
T_1000692.wav,genuine
T_1000693.wav,genuine
T_1000694.wav,genuine
T_1000695.wav,genuine
T_1000696.wav,genuine
T_1000697.wav,genuine
T_1000698.wav,genuine
T_1000699.wav,genuine
T_1000700.wav,genuine
T_1000701.wav,genuine
T_1000702.wav,genuine
T_1000703.wav,genuine
T_1000704.wav,genuine
T_1000705.wav,genuine
T_1000706.wav,genuine
T_1000707.wav,genuine
T_1000708.wav,genuine
T_1000709.wav,genuine
T_1000710.wav,genuine
T_1000711.wav,genuine
T_1000712.wav,genuine
T_1000713.wav,genuine
T_1000714.wav,genuine
T_1000715.wav,genuine
T_1000716.wav,genuine
T_1000717.wav,genuine
T_1000718.wav,genuine
T_1000719.wav,genuine
T_1000720.wav,genuine
T_1000721.wav,genuine
T_1000722.wav,genuine
T_1000723.wav,genuine
T_1000724.wav,genuine
T_1000725.wav,genuine
T_1000726.wav,genuine
T_1000727.wav,genuine
T_1000728.wav,genuine
T_1000729.wav,genuine
T_1000730.wav,genuine
T_1000731.wav,genuine
T_1000732.wav,genuine
T_1000733.wav,genuine
T_1000734.wav,genuine
T_1000735.wav,genuine
T_1000736.wav,genuine
T_1000737.wav,genuine
T_1000738.wav,genuine
T_1000739.wav,genuine
T_1000740.wav,genuine
T_1000741.wav,genuine
T_1000742.wav,genuine
T_1000743.wav,genuine
T_1000744.wav,genuine
T_1000745.wav,genuine
T_1000746.wav,genuine
T_1000747.wav,genuine
T_1000748.wav,genuine
T_1000749.wav,genuine
T_1000750.wav,genuine
T_1000751.wav,genuine
T_1000752.wav,genuine
T_1000753.wav,genuine
T_1000754.wav,genuine
T_1000755.wav,genuine
T_1000756.wav,genuine
T_1000757.wav,genuine
T_1000758.wav,genuine
T_1000759.wav,genuine
T_1000760.wav,genuine
T_1000761.wav,genuine
T_1000762.wav,genuine
T_1000763.wav,genuine
T_1000764.wav,genuine
T_1000765.wav,genuine
T_1000766.wav,genuine
T_1000767.wav,genuine
T_1000768.wav,genuine
T_1000769.wav,genuine
T_1000770.wav,genuine
T_1000771.wav,genuine
T_1000772.wav,genuine
T_1000773.wav,genuine
T_1000774.wav,genuine
T_1000775.wav,genuine
T_1000776.wav,genuine
T_1000777.wav,genuine
T_1000778.wav,genuine
T_1000779.wav,genuine
T_1000780.wav,genuine
T_1000781.wav,genuine
T_1000782.wav,genuine
T_1000783.wav,genuine
T_1000784.wav,genuine
T_1000785.wav,genuine
T_1000786.wav,genuine
T_1000787.wav,genuine
T_1000788.wav,genuine
T_1000789.wav,genuine
T_1000790.wav,genuine
T_1000791.wav,genuine
T_1000792.wav,genuine
T_1000793.wav,genuine
T_1000794.wav,genuine
T_1000795.wav,genuine
T_1000796.wav,genuine
T_1000797.wav,genuine
T_1000798.wav,genuine
T_1000799.wav,genuine
T_1000800.wav,genuine
T_1000801.wav,genuine
T_1000802.wav,genuine
T_1000803.wav,genuine
T_1000804.wav,genuine
T_1000805.wav,genuine
T_1000806.wav,genuine
T_1000807.wav,genuine
T_1000808.wav,genuine
T_1000809.wav,genuine
T_1000810.wav,genuine
T_1000811.wav,genuine
T_1000812.wav,genuine
T_1000813.wav,genuine
T_1000814.wav,genuine
T_1000815.wav,genuine
T_1000816.wav,genuine
T_1000817.wav,genuine
T_1000818.wav,genuine
T_1000819.wav,genuine
T_1000820.wav,genuine
T_1000821.wav,genuine
T_1000822.wav,genuine
T_1000823.wav,genuine
T_1000824.wav,genuine
T_1000825.wav,genuine
T_1000826.wav,genuine
T_1000827.wav,genuine
T_1000828.wav,genuine
T_1000829.wav,genuine
T_1000830.wav,genuine
T_1000831.wav,genuine
T_1000832.wav,genuine
T_1000833.wav,genuine
T_1000834.wav,genuine
T_1000835.wav,genuine
T_1000836.wav,genuine
T_1000837.wav,genuine
T_1000838.wav,genuine
T_1000839.wav,genuine
T_1000840.wav,genuine
T_1000841.wav,genuine
T_1000842.wav,genuine
T_1000843.wav,genuine
T_1000844.wav,genuine
T_1000845.wav,genuine
T_1000846.wav,genuine
T_1000847.wav,genuine
T_1000848.wav,genuine
T_1000849.wav,genuine
T_1000850.wav,genuine
T_1000851.wav,genuine
T_1000852.wav,genuine
T_1000853.wav,genuine
T_1000854.wav,genuine
T_1000855.wav,genuine
T_1000856.wav,genuine
T_1000857.wav,genuine
T_1000858.wav,genuine
T_1000859.wav,genuine
T_1000860.wav,genuine
T_1000861.wav,genuine
T_1000862.wav,genuine
T_1000863.wav,genuine
T_1000864.wav,genuine
T_1000865.wav,genuine
T_1000866.wav,genuine
T_1000867.wav,genuine
T_1000868.wav,genuine
T_1000869.wav,genuine
T_1000870.wav,genuine
T_1000871.wav,genuine
T_1000872.wav,genuine
T_1000873.wav,genuine
T_1000874.wav,genuine
T_1000875.wav,genuine
T_1000876.wav,genuine
T_1000877.wav,genuine
T_1000878.wav,genuine
T_1000879.wav,genuine
T_1000880.wav,genuine
T_1000881.wav,genuine
T_1000882.wav,genuine
T_1000883.wav,genuine
T_1000884.wav,genuine
T_1000885.wav,genuine
T_1000886.wav,genuine
T_1000887.wav,genuine
T_1000888.wav,genuine
T_1000889.wav,genuine
T_1000890.wav,genuine
T_1000891.wav,genuine
T_1000892.wav,genuine
T_1000893.wav,genuine
T_1000894.wav,genuine
T_1000895.wav,genuine
T_1000896.wav,genuine
T_1000897.wav,genuine
T_1000898.wav,genuine
T_1000899.wav,genuine
T_1000900.wav,genuine
T_1000901.wav,genuine
T_1000902.wav,genuine
T_1000903.wav,genuine
T_1000904.wav,genuine
T_1000905.wav,genuine
T_1000906.wav,genuine
T_1000907.wav,genuine
T_1000908.wav,genuine
T_1000909.wav,genuine
T_1000910.wav,genuine
T_1000911.wav,genuine
T_1000912.wav,genuine
T_1000913.wav,genuine
T_1000914.wav,genuine
T_1000915.wav,genuine
T_1000916.wav,genuine
T_1000917.wav,genuine
T_1000918.wav,genuine
T_1000919.wav,genuine
T_1000920.wav,genuine
T_1000921.wav,genuine
T_1000922.wav,genuine
T_1000923.wav,genuine
T_1000924.wav,genuine
T_1000925.wav,genuine
T_1000926.wav,genuine
T_1000927.wav,genuine
T_1000928.wav,genuine
T_1000929.wav,genuine
T_1000930.wav,genuine
T_1000931.wav,genuine
T_1000932.wav,genuine
T_1000933.wav,genuine
T_1000934.wav,genuine
T_1000935.wav,genuine
T_1000936.wav,genuine
T_1000937.wav,genuine
T_1000938.wav,genuine
T_1000939.wav,genuine
T_1000940.wav,genuine
T_1000941.wav,genuine
T_1000942.wav,genuine
T_1000943.wav,genuine
T_1000944.wav,genuine
T_1000945.wav,genuine
T_1000946.wav,genuine
T_1000947.wav,genuine
T_1000948.wav,genuine
T_1000949.wav,genuine
T_1000950.wav,genuine
T_1000951.wav,genuine
T_1000952.wav,genuine
T_1000953.wav,genuine
T_1000954.wav,genuine
T_1000955.wav,genuine
T_1000956.wav,genuine
T_1000957.wav,genuine
T_1000958.wav,genuine
T_1000959.wav,genuine
T_1000960.wav,genuine
T_1000961.wav,genuine
T_1000962.wav,genuine
T_1000963.wav,genuine
T_1000964.wav,genuine
T_1000965.wav,genuine
T_1000966.wav,genuine
T_1000967.wav,genuine
T_1000968.wav,genuine
T_1000969.wav,genuine
T_1000970.wav,genuine
T_1000971.wav,genuine
T_1000972.wav,genuine
T_1000973.wav,genuine
T_1000974.wav,genuine
T_1000975.wav,genuine
T_1000976.wav,genuine
T_1000977.wav,genuine
T_1000978.wav,genuine
T_1000979.wav,genuine
T_1000980.wav,genuine
T_1000981.wav,genuine
T_1000982.wav,genuine
T_1000983.wav,genuine
T_1000984.wav,genuine
T_1000985.wav,genuine
T_1000986.wav,genuine
T_1000987.wav,genuine
T_1000988.wav,genuine
T_1000989.wav,genuine
T_1000990.wav,genuine
T_1000991.wav,genuine
T_1000992.wav,genuine
T_1000993.wav,genuine
T_1000994.wav,genuine
T_1000995.wav,genuine
T_1000996.wav,genuine
T_1000997.wav,genuine
T_1000998.wav,genuine
T_1000999.wav,genuine
T_1001000.wav,genuine
T_1001001.wav,genuine
T_1001002.wav,genuine
T_1001003.wav,genuine
T_1001004.wav,genuine
T_1001005.wav,genuine
T_1001006.wav,genuine
T_1001007.wav,genuine
T_1001008.wav,genuine
T_1001009.wav,genuine
T_1001010.wav,genuine
T_1001011.wav,genuine
T_1001012.wav,genuine
T_1001013.wav,genuine
T_1001014.wav,genuine
T_1001015.wav,genuine
T_1001016.wav,genuine
T_1001017.wav,genuine
T_1001018.wav,genuine
T_1001019.wav,genuine
T_1001020.wav,genuine
T_1001021.wav,genuine
T_1001022.wav,genuine
T_1001023.wav,genuine
T_1001024.wav,genuine
T_1001025.wav,genuine
T_1001026.wav,genuine
T_1001027.wav,genuine
T_1001028.wav,genuine
T_1001029.wav,genuine
T_1001030.wav,genuine
T_1001031.wav,genuine
T_1001032.wav,genuine
T_1001033.wav,genuine
T_1001034.wav,genuine
T_1001035.wav,genuine
T_1001036.wav,genuine
T_1001037.wav,genuine
T_1001038.wav,genuine
T_1001039.wav,genuine
T_1001040.wav,genuine
T_1001041.wav,genuine
T_1001042.wav,genuine
T_1001043.wav,genuine
T_1001044.wav,genuine
T_1001045.wav,genuine
T_1001046.wav,genuine
T_1001047.wav,genuine
T_1001048.wav,genuine
T_1001049.wav,genuine
T_1001050.wav,genuine
T_1001051.wav,genuine
T_1001052.wav,genuine
T_1001053.wav,genuine
T_1001054.wav,genuine
T_1001055.wav,genuine
T_1001056.wav,genuine
T_1001057.wav,genuine
T_1001058.wav,genuine
T_1001059.wav,genuine
T_1001060.wav,genuine
T_1001061.wav,genuine
T_1001062.wav,genuine
T_1001063.wav,genuine
T_1001064.wav,genuine
T_1001065.wav,genuine
T_1001066.wav,genuine
T_1001067.wav,genuine
T_1001068.wav,genuine
T_1001069.wav,genuine
T_1001070.wav,genuine
T_1001071.wav,genuine
T_1001072.wav,genuine
T_1001073.wav,genuine
T_1001074.wav,genuine
T_1001075.wav,genuine
T_1001076.wav,genuine
T_1001077.wav,genuine
T_1001078.wav,genuine
T_1001079.wav,genuine
T_1001080.wav,genuine
T_1001081.wav,genuine
T_1001082.wav,genuine
T_1001083.wav,genuine
T_1001084.wav,genuine
T_1001085.wav,genuine
T_1001086.wav,genuine
T_1001087.wav,genuine
T_1001088.wav,genuine
T_1001089.wav,genuine
T_1001090.wav,genuine
T_1001091.wav,genuine
T_1001092.wav,genuine
T_1001093.wav,genuine
T_1001094.wav,genuine
T_1001095.wav,genuine
T_1001096.wav,genuine
T_1001097.wav,genuine
T_1001098.wav,genuine
T_1001099.wav,genuine
T_1001100.wav,genuine
T_1001101.wav,genuine
T_1001102.wav,genuine
T_1001103.wav,genuine
T_1001104.wav,genuine
T_1001105.wav,genuine
T_1001106.wav,genuine
T_1001107.wav,genuine
T_1001108.wav,genuine
T_1001109.wav,genuine
T_1001110.wav,genuine
T_1001111.wav,genuine
T_1001112.wav,genuine
T_1001113.wav,genuine
T_1001114.wav,genuine
T_1001115.wav,genuine
T_1001116.wav,genuine
T_1001117.wav,genuine
T_1001118.wav,genuine
T_1001119.wav,genuine
T_1001120.wav,genuine
T_1001121.wav,genuine
T_1001122.wav,genuine
T_1001123.wav,genuine
T_1001124.wav,genuine
T_1001125.wav,genuine
T_1001126.wav,genuine
T_1001127.wav,genuine
T_1001128.wav,genuine
T_1001129.wav,genuine
T_1001130.wav,genuine
T_1001131.wav,genuine
T_1001132.wav,genuine
T_1001133.wav,genuine
T_1001134.wav,genuine
T_1001135.wav,genuine
T_1001136.wav,genuine
T_1001137.wav,genuine
T_1001138.wav,genuine
T_1001139.wav,genuine
T_1001140.wav,genuine
T_1001141.wav,genuine
T_1001142.wav,genuine
T_1001143.wav,genuine
T_1001144.wav,genuine
T_1001145.wav,genuine
T_1001146.wav,genuine
T_1001147.wav,genuine
T_1001148.wav,genuine
T_1001149.wav,genuine
T_1001150.wav,genuine
T_1001151.wav,genuine
T_1001152.wav,genuine
T_1001153.wav,genuine
T_1001154.wav,genuine
T_1001155.wav,genuine
T_1001156.wav,genuine
T_1001157.wav,genuine
T_1001158.wav,genuine
T_1001159.wav,genuine
T_1001160.wav,genuine
T_1001161.wav,genuine
T_1001162.wav,genuine
T_1001163.wav,genuine
T_1001164.wav,genuine
T_1001165.wav,genuine
T_1001166.wav,genuine
T_1001167.wav,genuine
T_1001168.wav,genuine
T_1001169.wav,genuine
T_1001170.wav,genuine
T_1001171.wav,genuine
T_1001172.wav,genuine
T_1001173.wav,genuine
T_1001174.wav,genuine
T_1001175.wav,genuine
T_1001176.wav,genuine
T_1001177.wav,genuine
T_1001178.wav,genuine
T_1001179.wav,genuine
T_1001180.wav,genuine
T_1001181.wav,genuine
T_1001182.wav,genuine
T_1001183.wav,genuine
T_1001184.wav,genuine
T_1001185.wav,genuine
T_1001186.wav,genuine
T_1001187.wav,genuine
T_1001188.wav,genuine
T_1001189.wav,genuine
T_1001190.wav,genuine
T_1001191.wav,genuine
T_1001192.wav,genuine
T_1001193.wav,genuine
T_1001194.wav,genuine
T_1001195.wav,genuine
T_1001196.wav,genuine
T_1001197.wav,genuine
T_1001198.wav,genuine
T_1001199.wav,genuine
T_1001200.wav,genuine
T_1001201.wav,genuine
T_1001202.wav,genuine
T_1001203.wav,genuine
T_1001204.wav,genuine
T_1001205.wav,genuine
T_1001206.wav,genuine
T_1001207.wav,genuine
T_1001208.wav,genuine
T_1001209.wav,genuine
T_1001210.wav,genuine
T_1001211.wav,genuine
T_1001212.wav,genuine
T_1001213.wav,genuine
T_1001214.wav,genuine
T_1001215.wav,genuine
T_1001216.wav,genuine
T_1001217.wav,genuine
T_1001218.wav,genuine
T_1001219.wav,genuine
T_1001220.wav,genuine
T_1001221.wav,genuine
T_1001222.wav,genuine
T_1001223.wav,genuine
T_1001224.wav,genuine
T_1001225.wav,genuine
T_1001226.wav,genuine
T_1001227.wav,genuine
T_1001228.wav,genuine
T_1001229.wav,genuine
T_1001230.wav,genuine
T_1001231.wav,genuine
T_1001232.wav,genuine
T_1001233.wav,genuine
T_1001234.wav,genuine
T_1001235.wav,genuine
T_1001236.wav,genuine
T_1001237.wav,genuine
T_1001238.wav,genuine
T_1001239.wav,genuine
T_1001240.wav,genuine
T_1001241.wav,genuine
T_1001242.wav,genuine
T_1001243.wav,genuine
T_1001244.wav,genuine
T_1001245.wav,genuine
T_1001246.wav,genuine
T_1001247.wav,genuine
T_1001248.wav,genuine
T_1001249.wav,genuine
T_1001250.wav,genuine
T_1001251.wav,genuine
T_1001252.wav,genuine
T_1001253.wav,genuine
T_1001254.wav,genuine
T_1001255.wav,genuine
T_1001256.wav,genuine
T_1001257.wav,genuine
T_1001258.wav,genuine
T_1001259.wav,genuine
T_1001260.wav,genuine
T_1001261.wav,genuine
T_1001262.wav,genuine
T_1001263.wav,genuine
T_1001264.wav,genuine
T_1001265.wav,genuine
T_1001266.wav,genuine
T_1001267.wav,genuine
T_1001268.wav,genuine
T_1001269.wav,genuine
T_1001270.wav,genuine
T_1001271.wav,genuine
T_1001272.wav,genuine
T_1001273.wav,genuine
T_1001274.wav,genuine
T_1001275.wav,genuine
T_1001276.wav,genuine
T_1001277.wav,genuine
T_1001278.wav,genuine
T_1001279.wav,genuine
T_1001280.wav,genuine
T_1001281.wav,genuine
T_1001282.wav,genuine
T_1001283.wav,genuine
T_1001284.wav,genuine
T_1001285.wav,genuine
T_1001286.wav,genuine
T_1001287.wav,genuine
T_1001288.wav,genuine
T_1001289.wav,genuine
T_1001290.wav,genuine
T_1001291.wav,genuine
T_1001292.wav,genuine
T_1001293.wav,genuine
T_1001294.wav,genuine
T_1001295.wav,genuine
T_1001296.wav,genuine
T_1001297.wav,genuine
T_1001298.wav,genuine
T_1001299.wav,genuine
T_1001300.wav,genuine
T_1001301.wav,genuine
T_1001302.wav,genuine
T_1001303.wav,genuine
T_1001304.wav,genuine
T_1001305.wav,genuine
T_1001306.wav,genuine
T_1001307.wav,genuine
T_1001308.wav,genuine
T_1001309.wav,genuine
T_1001310.wav,genuine
T_1001311.wav,genuine
T_1001312.wav,genuine
T_1001313.wav,genuine
T_1001314.wav,genuine
T_1001315.wav,genuine
T_1001316.wav,genuine
T_1001317.wav,genuine
T_1001318.wav,genuine
T_1001319.wav,genuine
T_1001320.wav,genuine
T_1001321.wav,genuine
T_1001322.wav,genuine
T_1001323.wav,genuine
T_1001324.wav,genuine
T_1001325.wav,genuine
T_1001326.wav,genuine
T_1001327.wav,genuine
T_1001328.wav,genuine
T_1001329.wav,genuine
T_1001330.wav,genuine
T_1001331.wav,genuine
T_1001332.wav,genuine
T_1001333.wav,genuine
T_1001334.wav,genuine
T_1001335.wav,genuine
T_1001336.wav,genuine
T_1001337.wav,genuine
T_1001338.wav,genuine
T_1001339.wav,genuine
T_1001340.wav,genuine
T_1001341.wav,genuine
T_1001342.wav,genuine
T_1001343.wav,genuine
T_1001344.wav,genuine
T_1001345.wav,genuine
T_1001346.wav,genuine
T_1001347.wav,genuine
T_1001348.wav,genuine
T_1001349.wav,genuine
T_1001350.wav,genuine
T_1001351.wav,genuine
T_1001352.wav,genuine
T_1001353.wav,genuine
T_1001354.wav,genuine
T_1001355.wav,genuine
T_1001356.wav,genuine
T_1001357.wav,genuine
T_1001358.wav,genuine
T_1001359.wav,genuine
T_1001360.wav,genuine
T_1001361.wav,genuine
T_1001362.wav,genuine
T_1001363.wav,genuine
T_1001364.wav,genuine
T_1001365.wav,genuine
T_1001366.wav,genuine
T_1001367.wav,genuine
T_1001368.wav,genuine
T_1001369.wav,genuine
T_1001370.wav,genuine
T_1001371.wav,genuine
T_1001372.wav,genuine
T_1001373.wav,genuine
T_1001374.wav,genuine
T_1001375.wav,genuine
T_1001376.wav,genuine
T_1001377.wav,genuine
T_1001378.wav,genuine
T_1001379.wav,genuine
T_1001380.wav,genuine
T_1001381.wav,genuine
T_1001382.wav,genuine
T_1001383.wav,genuine
T_1001384.wav,genuine
T_1001385.wav,genuine
T_1001386.wav,genuine
T_1001387.wav,genuine
T_1001388.wav,genuine
T_1001389.wav,genuine
T_1001390.wav,genuine
T_1001391.wav,genuine
T_1001392.wav,genuine
T_1001393.wav,genuine
T_1001394.wav,genuine
T_1001395.wav,genuine
T_1001396.wav,genuine
T_1001397.wav,genuine
T_1001398.wav,genuine
T_1001399.wav,genuine
T_1001400.wav,genuine
T_1001401.wav,genuine
T_1001402.wav,genuine
T_1001403.wav,genuine
T_1001404.wav,genuine
T_1001405.wav,genuine
T_1001406.wav,genuine
T_1001407.wav,genuine
T_1001408.wav,genuine
T_1001409.wav,genuine
T_1001410.wav,genuine
T_1001411.wav,genuine
T_1001412.wav,genuine
T_1001413.wav,genuine
T_1001414.wav,genuine
T_1001415.wav,genuine
T_1001416.wav,genuine
T_1001417.wav,genuine
T_1001418.wav,genuine
T_1001419.wav,genuine
T_1001420.wav,genuine
T_1001421.wav,genuine
T_1001422.wav,genuine
T_1001423.wav,genuine
T_1001424.wav,genuine
T_1001425.wav,genuine
T_1001426.wav,genuine
T_1001427.wav,genuine
T_1001428.wav,genuine
T_1001429.wav,genuine
T_1001430.wav,genuine
T_1001431.wav,genuine
T_1001432.wav,genuine
T_1001433.wav,genuine
T_1001434.wav,genuine
T_1001435.wav,genuine
T_1001436.wav,genuine
T_1001437.wav,genuine
T_1001438.wav,genuine
T_1001439.wav,genuine
T_1001440.wav,genuine
T_1001441.wav,genuine
T_1001442.wav,genuine
T_1001443.wav,genuine
T_1001444.wav,genuine
T_1001445.wav,genuine
T_1001446.wav,genuine
T_1001447.wav,genuine
T_1001448.wav,genuine
T_1001449.wav,genuine
T_1001450.wav,genuine
T_1001451.wav,genuine
T_1001452.wav,genuine
T_1001453.wav,genuine
T_1001454.wav,genuine
T_1001455.wav,genuine
T_1001456.wav,genuine
T_1001457.wav,genuine
T_1001458.wav,genuine
T_1001459.wav,genuine
T_1001460.wav,genuine
T_1001461.wav,genuine
T_1001462.wav,genuine
T_1001463.wav,genuine
T_1001464.wav,genuine
T_1001465.wav,genuine
T_1001466.wav,genuine
T_1001467.wav,genuine
T_1001468.wav,genuine
T_1001469.wav,genuine
T_1001470.wav,genuine
T_1001471.wav,genuine
T_1001472.wav,genuine
T_1001473.wav,genuine
T_1001474.wav,genuine
T_1001475.wav,genuine
T_1001476.wav,genuine
T_1001477.wav,genuine
T_1001478.wav,genuine
T_1001479.wav,genuine
T_1001480.wav,genuine
T_1001481.wav,genuine
T_1001482.wav,genuine
T_1001483.wav,genuine
T_1001484.wav,genuine
T_1001485.wav,genuine
T_1001486.wav,genuine
T_1001487.wav,genuine
T_1001488.wav,genuine
T_1001489.wav,genuine
T_1001490.wav,genuine
T_1001491.wav,genuine
T_1001492.wav,genuine
T_1001493.wav,genuine
T_1001494.wav,genuine
T_1001495.wav,genuine
T_1001496.wav,genuine
T_1001497.wav,genuine
T_1001498.wav,genuine
T_1001499.wav,genuine
T_1001500.wav,genuine
T_1001501.wav,genuine
T_1001502.wav,genuine
T_1001503.wav,genuine
T_1001504.wav,genuine
T_1001505.wav,genuine
T_1001506.wav,genuine
T_1001507.wav,genuine
T_1001508.wav,genuine
T_1001509.wav,spoof
T_1001510.wav,spoof
T_1001511.wav,spoof
T_1001512.wav,spoof
T_1001513.wav,spoof
T_1001514.wav,spoof
T_1001515.wav,spoof
T_1001516.wav,spoof
T_1001517.wav,spoof
T_1001518.wav,spoof
T_1001519.wav,spoof
T_1001520.wav,spoof
T_1001521.wav,spoof
T_1001522.wav,spoof
T_1001523.wav,spoof
T_1001524.wav,spoof
T_1001525.wav,spoof
T_1001526.wav,spoof
T_1001527.wav,spoof
T_1001528.wav,spoof
T_1001529.wav,spoof
T_1001530.wav,spoof
T_1001531.wav,spoof
T_1001532.wav,spoof
T_1001533.wav,spoof
T_1001534.wav,spoof
T_1001535.wav,spoof
T_1001536.wav,spoof
T_1001537.wav,spoof
T_1001538.wav,spoof
T_1001539.wav,spoof
T_1001540.wav,spoof
T_1001541.wav,spoof
T_1001542.wav,spoof
T_1001543.wav,spoof
T_1001544.wav,spoof
T_1001545.wav,spoof
T_1001546.wav,spoof
T_1001547.wav,spoof
T_1001548.wav,spoof
T_1001549.wav,spoof
T_1001550.wav,spoof
T_1001551.wav,spoof
T_1001552.wav,spoof
T_1001553.wav,spoof
T_1001554.wav,spoof
T_1001555.wav,spoof
T_1001556.wav,spoof
T_1001557.wav,spoof
T_1001558.wav,spoof
T_1001559.wav,spoof
T_1001560.wav,spoof
T_1001561.wav,spoof
T_1001562.wav,spoof
T_1001563.wav,spoof
T_1001564.wav,spoof
T_1001565.wav,spoof
T_1001566.wav,spoof
T_1001567.wav,spoof
T_1001568.wav,spoof
T_1001569.wav,spoof
T_1001570.wav,spoof
T_1001571.wav,spoof
T_1001572.wav,spoof
T_1001573.wav,spoof
T_1001574.wav,spoof
T_1001575.wav,spoof
T_1001576.wav,spoof
T_1001577.wav,spoof
T_1001578.wav,spoof
T_1001579.wav,spoof
T_1001580.wav,spoof
T_1001581.wav,spoof
T_1001582.wav,spoof
T_1001583.wav,spoof
T_1001584.wav,spoof
T_1001585.wav,spoof
T_1001586.wav,spoof
T_1001587.wav,spoof
T_1001588.wav,spoof
T_1001589.wav,spoof
T_1001590.wav,spoof
T_1001591.wav,spoof
T_1001592.wav,spoof
T_1001593.wav,spoof
T_1001594.wav,spoof
T_1001595.wav,spoof
T_1001596.wav,spoof
T_1001597.wav,spoof
T_1001598.wav,spoof
T_1001599.wav,spoof
T_1001600.wav,spoof
T_1001601.wav,spoof
T_1001602.wav,spoof
T_1001603.wav,spoof
T_1001604.wav,spoof
T_1001605.wav,spoof
T_1001606.wav,spoof
T_1001607.wav,spoof
T_1001608.wav,spoof
T_1001609.wav,spoof
T_1001610.wav,spoof
T_1001611.wav,spoof
T_1001612.wav,spoof
T_1001613.wav,spoof
T_1001614.wav,spoof
T_1001615.wav,spoof
T_1001616.wav,spoof
T_1001617.wav,spoof
T_1001618.wav,spoof
T_1001619.wav,spoof
T_1001620.wav,spoof
T_1001621.wav,spoof
T_1001622.wav,spoof
T_1001623.wav,spoof
T_1001624.wav,spoof
T_1001625.wav,spoof
T_1001626.wav,spoof
T_1001627.wav,spoof
T_1001628.wav,spoof
T_1001629.wav,spoof
T_1001630.wav,spoof
T_1001631.wav,spoof
T_1001632.wav,spoof
T_1001633.wav,spoof
T_1001634.wav,spoof
T_1001635.wav,spoof
T_1001636.wav,spoof
T_1001637.wav,spoof
T_1001638.wav,spoof
T_1001639.wav,spoof
T_1001640.wav,spoof
T_1001641.wav,spoof
T_1001642.wav,spoof
T_1001643.wav,spoof
T_1001644.wav,spoof
T_1001645.wav,spoof
T_1001646.wav,spoof
T_1001647.wav,spoof
T_1001648.wav,spoof
T_1001649.wav,spoof
T_1001650.wav,spoof
T_1001651.wav,spoof
T_1001652.wav,spoof
T_1001653.wav,spoof
T_1001654.wav,spoof
T_1001655.wav,spoof
T_1001656.wav,spoof
T_1001657.wav,spoof
T_1001659.wav,spoof
T_1001660.wav,spoof
T_1001661.wav,spoof
T_1001662.wav,spoof
T_1001663.wav,spoof
T_1001664.wav,spoof
T_1001665.wav,spoof
T_1001666.wav,spoof
T_1001667.wav,spoof
T_1001668.wav,spoof
T_1001669.wav,spoof
T_1001670.wav,spoof
T_1001671.wav,spoof
T_1001672.wav,spoof
T_1001673.wav,spoof
T_1001674.wav,spoof
T_1001675.wav,spoof
T_1001676.wav,spoof
T_1001677.wav,spoof
T_1001678.wav,spoof
T_1001679.wav,spoof
T_1001680.wav,spoof
T_1001681.wav,spoof
T_1001682.wav,spoof
T_1001683.wav,spoof
T_1001684.wav,spoof
T_1001685.wav,spoof
T_1001686.wav,spoof
T_1001687.wav,spoof
T_1001688.wav,spoof
T_1001689.wav,spoof
T_1001690.wav,spoof
T_1001691.wav,spoof
T_1001692.wav,spoof
T_1001693.wav,spoof
T_1001694.wav,spoof
T_1001695.wav,spoof
T_1001696.wav,spoof
T_1001697.wav,spoof
T_1001698.wav,spoof
T_1001699.wav,spoof
T_1001700.wav,spoof
T_1001701.wav,spoof
T_1001702.wav,spoof
T_1001703.wav,spoof
T_1001704.wav,spoof
T_1001705.wav,spoof
T_1001706.wav,spoof
T_1001707.wav,spoof
T_1001708.wav,spoof
T_1001709.wav,spoof
T_1001710.wav,spoof
T_1001711.wav,spoof
T_1001712.wav,spoof
T_1001713.wav,spoof
T_1001714.wav,spoof
T_1001715.wav,spoof
T_1001716.wav,spoof
T_1001717.wav,spoof
T_1001718.wav,spoof
T_1001719.wav,spoof
T_1001720.wav,spoof
T_1001721.wav,spoof
T_1001722.wav,spoof
T_1001723.wav,spoof
T_1001724.wav,spoof
T_1001725.wav,spoof
T_1001726.wav,spoof
T_1001727.wav,spoof
T_1001728.wav,spoof
T_1001729.wav,spoof
T_1001730.wav,spoof
T_1001731.wav,spoof
T_1001732.wav,spoof
T_1001733.wav,spoof
T_1001734.wav,spoof
T_1001735.wav,spoof
T_1001736.wav,spoof
T_1001737.wav,spoof
T_1001738.wav,spoof
T_1001739.wav,spoof
T_1001740.wav,spoof
T_1001741.wav,spoof
T_1001742.wav,spoof
T_1001743.wav,spoof
T_1001744.wav,spoof
T_1001745.wav,spoof
T_1001746.wav,spoof
T_1001747.wav,spoof
T_1001748.wav,spoof
T_1001749.wav,spoof
T_1001750.wav,spoof
T_1001751.wav,spoof
T_1001752.wav,spoof
T_1001753.wav,spoof
T_1001754.wav,spoof
T_1001755.wav,spoof
T_1001756.wav,spoof
T_1001757.wav,spoof
T_1001758.wav,spoof
T_1001759.wav,spoof
T_1001760.wav,spoof
T_1001761.wav,spoof
T_1001762.wav,spoof
T_1001763.wav,spoof
T_1001764.wav,spoof
T_1001765.wav,spoof
T_1001766.wav,spoof
T_1001767.wav,spoof
T_1001768.wav,spoof
T_1001769.wav,spoof
T_1001770.wav,spoof
T_1001771.wav,spoof
T_1001772.wav,spoof
T_1001773.wav,spoof
T_1001774.wav,spoof
T_1001775.wav,spoof
T_1001776.wav,spoof
T_1001777.wav,spoof
T_1001778.wav,spoof
T_1001779.wav,spoof
T_1001780.wav,spoof
T_1001781.wav,spoof
T_1001782.wav,spoof
T_1001783.wav,spoof
T_1001784.wav,spoof
T_1001785.wav,spoof
T_1001786.wav,spoof
T_1001787.wav,spoof
T_1001788.wav,spoof
T_1001789.wav,spoof
T_1001790.wav,spoof
T_1001791.wav,spoof
T_1001792.wav,spoof
T_1001793.wav,spoof
T_1001794.wav,spoof
T_1001795.wav,spoof
T_1001796.wav,spoof
T_1001797.wav,spoof
T_1001798.wav,spoof
T_1001799.wav,spoof
T_1001800.wav,spoof
T_1001801.wav,spoof
T_1001802.wav,spoof
T_1001803.wav,spoof
T_1001804.wav,spoof
T_1001805.wav,spoof
T_1001806.wav,spoof
T_1001807.wav,spoof
T_1001808.wav,spoof
T_1001809.wav,spoof
T_1001810.wav,spoof
T_1001811.wav,spoof
T_1001812.wav,spoof
T_1001813.wav,spoof
T_1001814.wav,spoof
T_1001815.wav,spoof
T_1001816.wav,spoof
T_1001817.wav,spoof
T_1001818.wav,spoof
T_1001819.wav,spoof
T_1001820.wav,spoof
T_1001821.wav,spoof
T_1001822.wav,spoof
T_1001823.wav,spoof
T_1001824.wav,spoof
T_1001825.wav,spoof
T_1001826.wav,spoof
T_1001827.wav,spoof
T_1001828.wav,spoof
T_1001829.wav,spoof
T_1001830.wav,spoof
T_1001831.wav,spoof
T_1001832.wav,spoof
T_1001833.wav,spoof
T_1001834.wav,spoof
T_1001835.wav,spoof
T_1001836.wav,spoof
T_1001837.wav,spoof
T_1001838.wav,spoof
T_1001839.wav,spoof
T_1001840.wav,spoof
T_1001841.wav,spoof
T_1001842.wav,spoof
T_1001843.wav,spoof
T_1001844.wav,spoof
T_1001845.wav,spoof
T_1001846.wav,spoof
T_1001847.wav,spoof
T_1001848.wav,spoof
T_1001849.wav,spoof
T_1001850.wav,spoof
T_1001851.wav,spoof
T_1001852.wav,spoof
T_1001853.wav,spoof
T_1001854.wav,spoof
T_1001855.wav,spoof
T_1001856.wav,spoof
T_1001857.wav,spoof
T_1001858.wav,spoof
T_1001859.wav,spoof
T_1001860.wav,spoof
T_1001861.wav,spoof
T_1001862.wav,spoof
T_1001863.wav,spoof
T_1001864.wav,spoof
T_1001865.wav,spoof
T_1001866.wav,spoof
T_1001867.wav,spoof
T_1001868.wav,spoof
T_1001869.wav,spoof
T_1001870.wav,spoof
T_1001871.wav,spoof
T_1001872.wav,spoof
T_1001873.wav,spoof
T_1001874.wav,spoof
T_1001875.wav,spoof
T_1001876.wav,spoof
T_1001877.wav,spoof
T_1001878.wav,spoof
T_1001879.wav,spoof
T_1001880.wav,spoof
T_1001881.wav,spoof
T_1001882.wav,spoof
T_1001883.wav,spoof
T_1001884.wav,spoof
T_1001885.wav,spoof
T_1001886.wav,spoof
T_1001887.wav,spoof
T_1001888.wav,spoof
T_1001889.wav,spoof
T_1001890.wav,spoof
T_1001891.wav,spoof
T_1001892.wav,spoof
T_1001893.wav,spoof
T_1001894.wav,spoof
T_1001895.wav,spoof
T_1001896.wav,spoof
T_1001897.wav,spoof
T_1001898.wav,spoof
T_1001899.wav,spoof
T_1001900.wav,spoof
T_1001901.wav,spoof
T_1001902.wav,spoof
T_1001903.wav,spoof
T_1001904.wav,spoof
T_1001905.wav,spoof
T_1001906.wav,spoof
T_1001907.wav,spoof
T_1001908.wav,spoof
T_1001909.wav,spoof
T_1001910.wav,spoof
T_1001911.wav,spoof
T_1001912.wav,spoof
T_1001913.wav,spoof
T_1001914.wav,spoof
T_1001915.wav,spoof
T_1001916.wav,spoof
T_1001917.wav,spoof
T_1001918.wav,spoof
T_1001919.wav,spoof
T_1001920.wav,spoof
T_1001921.wav,spoof
T_1001922.wav,spoof
T_1001923.wav,spoof
T_1001924.wav,spoof
T_1001925.wav,spoof
T_1001926.wav,spoof
T_1001927.wav,spoof
T_1001928.wav,spoof
T_1001929.wav,spoof
T_1001930.wav,spoof
T_1001931.wav,spoof
T_1001932.wav,spoof
T_1001933.wav,spoof
T_1001934.wav,spoof
T_1001935.wav,spoof
T_1001936.wav,spoof
T_1001937.wav,spoof
T_1001938.wav,spoof
T_1001939.wav,spoof
T_1001940.wav,spoof
T_1001941.wav,spoof
T_1001942.wav,spoof
T_1001943.wav,spoof
T_1001944.wav,spoof
T_1001945.wav,spoof
T_1001946.wav,spoof
T_1001947.wav,spoof
T_1001948.wav,spoof
T_1001949.wav,spoof
T_1001950.wav,spoof
T_1001951.wav,spoof
T_1001952.wav,spoof
T_1001953.wav,spoof
T_1001954.wav,spoof
T_1001955.wav,spoof
T_1001956.wav,spoof
T_1001957.wav,spoof
T_1001958.wav,spoof
T_1001959.wav,spoof
T_1001960.wav,spoof
T_1001961.wav,spoof
T_1001962.wav,spoof
T_1001963.wav,spoof
T_1001964.wav,spoof
T_1001965.wav,spoof
T_1001966.wav,spoof
T_1001967.wav,spoof
T_1001968.wav,spoof
T_1001969.wav,spoof
T_1001970.wav,spoof
T_1001971.wav,spoof
T_1001972.wav,spoof
T_1001973.wav,spoof
T_1001974.wav,spoof
T_1001975.wav,spoof
T_1001976.wav,spoof
T_1001977.wav,spoof
T_1001978.wav,spoof
T_1001979.wav,spoof
T_1001980.wav,spoof
T_1001981.wav,spoof
T_1001982.wav,spoof
T_1001983.wav,spoof
T_1001984.wav,spoof
T_1001985.wav,spoof
T_1001986.wav,spoof
T_1001987.wav,spoof
T_1001988.wav,spoof
T_1001989.wav,spoof
T_1001990.wav,spoof
T_1001991.wav,spoof
T_1001992.wav,spoof
T_1001993.wav,spoof
T_1001994.wav,spoof
T_1001995.wav,spoof
T_1001996.wav,spoof
T_1001997.wav,spoof
T_1001998.wav,spoof
T_1001999.wav,spoof
T_1002000.wav,spoof
T_1002001.wav,spoof
T_1002002.wav,spoof
T_1002003.wav,spoof
T_1002004.wav,spoof
T_1002005.wav,spoof
T_1002006.wav,spoof
T_1002007.wav,spoof
T_1002008.wav,spoof
T_1002009.wav,spoof
T_1002010.wav,spoof
T_1002011.wav,spoof
T_1002012.wav,spoof
T_1002013.wav,spoof
T_1002014.wav,spoof
T_1002015.wav,spoof
T_1002016.wav,spoof
T_1002017.wav,spoof
T_1002018.wav,spoof
T_1002019.wav,spoof
T_1002020.wav,spoof
T_1002021.wav,spoof
T_1002022.wav,spoof
T_1002023.wav,spoof
T_1002024.wav,spoof
T_1002025.wav,spoof
T_1002026.wav,spoof
T_1002027.wav,spoof
T_1002028.wav,spoof
T_1002029.wav,spoof
T_1002030.wav,spoof
T_1002031.wav,spoof
T_1002032.wav,spoof
T_1002033.wav,spoof
T_1002034.wav,spoof
T_1002035.wav,spoof
T_1002036.wav,spoof
T_1002037.wav,spoof
T_1002038.wav,spoof
T_1002039.wav,spoof
T_1002040.wav,spoof
T_1002041.wav,spoof
T_1002042.wav,spoof
T_1002043.wav,spoof
T_1002044.wav,spoof
T_1002045.wav,spoof
T_1002046.wav,spoof
T_1002047.wav,spoof
T_1002048.wav,spoof
T_1002049.wav,spoof
T_1002050.wav,spoof
T_1002051.wav,spoof
T_1002052.wav,spoof
T_1002053.wav,spoof
T_1002054.wav,spoof
T_1002055.wav,spoof
T_1002056.wav,spoof
T_1002057.wav,spoof
T_1002058.wav,spoof
T_1002059.wav,spoof
T_1002060.wav,spoof
T_1002061.wav,spoof
T_1002062.wav,spoof
T_1002063.wav,spoof
T_1002064.wav,spoof
T_1002065.wav,spoof
T_1002066.wav,spoof
T_1002067.wav,spoof
T_1002068.wav,spoof
T_1002069.wav,spoof
T_1002070.wav,spoof
T_1002071.wav,spoof
T_1002072.wav,spoof
T_1002073.wav,spoof
T_1002074.wav,spoof
T_1002075.wav,spoof
T_1002076.wav,spoof
T_1002077.wav,spoof
T_1002078.wav,spoof
T_1002079.wav,spoof
T_1002080.wav,spoof
T_1002081.wav,spoof
T_1002082.wav,spoof
T_1002083.wav,spoof
T_1002084.wav,spoof
T_1002085.wav,spoof
T_1002086.wav,spoof
T_1002087.wav,spoof
T_1002088.wav,spoof
T_1002089.wav,spoof
T_1002090.wav,spoof
T_1002091.wav,spoof
T_1002092.wav,spoof
T_1002093.wav,spoof
T_1002094.wav,spoof
T_1002095.wav,spoof
T_1002096.wav,spoof
T_1002097.wav,spoof
T_1002098.wav,spoof
T_1002099.wav,spoof
T_1002100.wav,spoof
T_1002101.wav,spoof
T_1002102.wav,spoof
T_1002103.wav,spoof
T_1002104.wav,spoof
T_1002105.wav,spoof
T_1002106.wav,spoof
T_1002107.wav,spoof
T_1002108.wav,spoof
T_1002109.wav,spoof
T_1002110.wav,spoof
T_1002111.wav,spoof
T_1002112.wav,spoof
T_1002113.wav,spoof
T_1002114.wav,spoof
T_1002115.wav,spoof
T_1002116.wav,spoof
T_1002117.wav,spoof
T_1002118.wav,spoof
T_1002119.wav,spoof
T_1002120.wav,spoof
T_1002121.wav,spoof
T_1002122.wav,spoof
T_1002123.wav,spoof
T_1002124.wav,spoof
T_1002125.wav,spoof
T_1002126.wav,spoof
T_1002127.wav,spoof
T_1002128.wav,spoof
T_1002129.wav,spoof
T_1002130.wav,spoof
T_1002131.wav,spoof
T_1002132.wav,spoof
T_1002133.wav,spoof
T_1002134.wav,spoof
T_1002135.wav,spoof
T_1002136.wav,spoof
T_1002137.wav,spoof
T_1002138.wav,spoof
T_1002139.wav,spoof
T_1002140.wav,spoof
T_1002141.wav,spoof
T_1002142.wav,spoof
T_1002143.wav,spoof
T_1002144.wav,spoof
T_1002145.wav,spoof
T_1002146.wav,spoof
T_1002147.wav,spoof
T_1002148.wav,spoof
T_1002149.wav,spoof
T_1002150.wav,spoof
T_1002151.wav,spoof
T_1002152.wav,spoof
T_1002153.wav,spoof
T_1002154.wav,spoof
T_1002155.wav,spoof
T_1002156.wav,spoof
T_1002157.wav,spoof
T_1002158.wav,spoof
T_1002159.wav,spoof
T_1002160.wav,spoof
T_1002161.wav,spoof
T_1002162.wav,spoof
T_1002163.wav,spoof
T_1002164.wav,spoof
T_1002165.wav,spoof
T_1002166.wav,spoof
T_1002167.wav,spoof
T_1002168.wav,spoof
T_1002169.wav,spoof
T_1002170.wav,spoof
T_1002171.wav,spoof
T_1002172.wav,spoof
T_1002173.wav,spoof
T_1002174.wav,spoof
T_1002175.wav,spoof
T_1002176.wav,spoof
T_1002177.wav,spoof
T_1002178.wav,spoof
T_1002179.wav,spoof
T_1002180.wav,spoof
T_1002181.wav,spoof
T_1002182.wav,spoof
T_1002183.wav,spoof
T_1002184.wav,spoof
T_1002185.wav,spoof
T_1002186.wav,spoof
T_1002187.wav,spoof
T_1002188.wav,spoof
T_1002189.wav,spoof
T_1002190.wav,spoof
T_1002191.wav,spoof
T_1002192.wav,spoof
T_1002193.wav,spoof
T_1002194.wav,spoof
T_1002195.wav,spoof
T_1002196.wav,spoof
T_1002197.wav,spoof
T_1002198.wav,spoof
T_1002199.wav,spoof
T_1002200.wav,spoof
T_1002201.wav,spoof
T_1002202.wav,spoof
T_1002203.wav,spoof
T_1002204.wav,spoof
T_1002205.wav,spoof
T_1002206.wav,spoof
T_1002207.wav,spoof
T_1002208.wav,spoof
T_1002209.wav,spoof
T_1002210.wav,spoof
T_1002211.wav,spoof
T_1002212.wav,spoof
T_1002213.wav,spoof
T_1002214.wav,spoof
T_1002215.wav,spoof
T_1002216.wav,spoof
T_1002217.wav,spoof
T_1002218.wav,spoof
T_1002219.wav,spoof
T_1002220.wav,spoof
T_1002221.wav,spoof
T_1002222.wav,spoof
T_1002223.wav,spoof
T_1002224.wav,spoof
T_1002225.wav,spoof
T_1002226.wav,spoof
T_1002227.wav,spoof
T_1002228.wav,spoof
T_1002229.wav,spoof
T_1002230.wav,spoof
T_1002231.wav,spoof
T_1002232.wav,spoof
T_1002233.wav,spoof
T_1002234.wav,spoof
T_1002235.wav,spoof
T_1002236.wav,spoof
T_1002237.wav,spoof
T_1002238.wav,spoof
T_1002239.wav,spoof
T_1002240.wav,spoof
T_1002241.wav,spoof
T_1002242.wav,spoof
T_1002243.wav,spoof
T_1002244.wav,spoof
T_1002245.wav,spoof
T_1002246.wav,spoof
T_1002247.wav,spoof
T_1002248.wav,spoof
T_1002249.wav,spoof
T_1002250.wav,spoof
T_1002251.wav,spoof
T_1002252.wav,spoof
T_1002253.wav,spoof
T_1002254.wav,spoof
T_1002255.wav,spoof
T_1002256.wav,spoof
T_1002257.wav,spoof
T_1002258.wav,spoof
T_1002259.wav,spoof
T_1002260.wav,spoof
T_1002261.wav,spoof
T_1002262.wav,spoof
T_1002263.wav,spoof
T_1002264.wav,spoof
T_1002265.wav,spoof
T_1002266.wav,spoof
T_1002267.wav,spoof
T_1002268.wav,spoof
T_1002269.wav,spoof
T_1002270.wav,spoof
T_1002271.wav,spoof
T_1002272.wav,spoof
T_1002273.wav,spoof
T_1002274.wav,spoof
T_1002275.wav,spoof
T_1002276.wav,spoof
T_1002277.wav,spoof
T_1002278.wav,spoof
T_1002279.wav,spoof
T_1002280.wav,spoof
T_1002281.wav,spoof
T_1002282.wav,spoof
T_1002283.wav,spoof
T_1002284.wav,spoof
T_1002285.wav,spoof
T_1002286.wav,spoof
T_1002287.wav,spoof
T_1002288.wav,spoof
T_1002289.wav,spoof
T_1002290.wav,spoof
T_1002291.wav,spoof
T_1002292.wav,spoof
T_1002293.wav,spoof
T_1002294.wav,spoof
T_1002295.wav,spoof
T_1002296.wav,spoof
T_1002297.wav,spoof
T_1002298.wav,spoof
T_1002299.wav,spoof
T_1002300.wav,spoof
T_1002301.wav,spoof
T_1002302.wav,spoof
T_1002303.wav,spoof
T_1002304.wav,spoof
T_1002305.wav,spoof
T_1002306.wav,spoof
T_1002307.wav,spoof
T_1002308.wav,spoof
T_1002309.wav,spoof
T_1002310.wav,spoof
T_1002311.wav,spoof
T_1002312.wav,spoof
T_1002313.wav,spoof
T_1002314.wav,spoof
T_1002315.wav,spoof
T_1002316.wav,spoof
T_1002317.wav,spoof
T_1002318.wav,spoof
T_1002319.wav,spoof
T_1002320.wav,spoof
T_1002321.wav,spoof
T_1002322.wav,spoof
T_1002323.wav,spoof
T_1002324.wav,spoof
T_1002325.wav,spoof
T_1002326.wav,spoof
T_1002327.wav,spoof
T_1002328.wav,spoof
T_1002329.wav,spoof
T_1002330.wav,spoof
T_1002331.wav,spoof
T_1002332.wav,spoof
T_1002333.wav,spoof
T_1002334.wav,spoof
T_1002335.wav,spoof
T_1002336.wav,spoof
T_1002337.wav,spoof
T_1002338.wav,spoof
T_1002339.wav,spoof
T_1002340.wav,spoof
T_1002341.wav,spoof
T_1002342.wav,spoof
T_1002343.wav,spoof
T_1002344.wav,spoof
T_1002345.wav,spoof
T_1002346.wav,spoof
T_1002347.wav,spoof
T_1002348.wav,spoof
T_1002349.wav,spoof
T_1002350.wav,spoof
T_1002351.wav,spoof
T_1002352.wav,spoof
T_1002353.wav,spoof
T_1002354.wav,spoof
T_1002355.wav,spoof
T_1002356.wav,spoof
T_1002357.wav,spoof
T_1002358.wav,spoof
T_1002359.wav,spoof
T_1002360.wav,spoof
T_1002361.wav,spoof
T_1002362.wav,spoof
T_1002363.wav,spoof
T_1002364.wav,spoof
T_1002365.wav,spoof
T_1002366.wav,spoof
T_1002367.wav,spoof
T_1002368.wav,spoof
T_1002369.wav,spoof
T_1002370.wav,spoof
T_1002371.wav,spoof
T_1002372.wav,spoof
T_1002373.wav,spoof
T_1002374.wav,spoof
T_1002375.wav,spoof
T_1002376.wav,spoof
T_1002377.wav,spoof
T_1002378.wav,spoof
T_1002379.wav,spoof
T_1002380.wav,spoof
T_1002381.wav,spoof
T_1002382.wav,spoof
T_1002383.wav,spoof
T_1002384.wav,spoof
T_1002385.wav,spoof
T_1002386.wav,spoof
T_1002387.wav,spoof
T_1002388.wav,spoof
T_1002389.wav,spoof
T_1002390.wav,spoof
T_1002391.wav,spoof
T_1002392.wav,spoof
T_1002393.wav,spoof
T_1002394.wav,spoof
T_1002395.wav,spoof
T_1002396.wav,spoof
T_1002397.wav,spoof
T_1002398.wav,spoof
T_1002399.wav,spoof
T_1002400.wav,spoof
T_1002401.wav,spoof
T_1002402.wav,spoof
T_1002403.wav,spoof
T_1002404.wav,spoof
T_1002405.wav,spoof
T_1002406.wav,spoof
T_1002407.wav,spoof
T_1002408.wav,spoof
T_1002409.wav,spoof
T_1002410.wav,spoof
T_1002411.wav,spoof
T_1002412.wav,spoof
T_1002413.wav,spoof
T_1002414.wav,spoof
T_1002415.wav,spoof
T_1002416.wav,spoof
T_1002417.wav,spoof
T_1002418.wav,spoof
T_1002419.wav,spoof
T_1002420.wav,spoof
T_1002421.wav,spoof
T_1002422.wav,spoof
T_1002423.wav,spoof
T_1002424.wav,spoof
T_1002425.wav,spoof
T_1002426.wav,spoof
T_1002427.wav,spoof
T_1002428.wav,spoof
T_1002429.wav,spoof
T_1002430.wav,spoof
T_1002431.wav,spoof
T_1002432.wav,spoof
T_1002433.wav,spoof
T_1002434.wav,spoof
T_1002435.wav,spoof
T_1002436.wav,spoof
T_1002437.wav,spoof
T_1002438.wav,spoof
T_1002439.wav,spoof
T_1002440.wav,spoof
T_1002441.wav,spoof
T_1002442.wav,spoof
T_1002443.wav,spoof
T_1002444.wav,spoof
T_1002445.wav,spoof
T_1002446.wav,spoof
T_1002447.wav,spoof
T_1002448.wav,spoof
T_1002449.wav,spoof
T_1002450.wav,spoof
T_1002451.wav,spoof
T_1002452.wav,spoof
T_1002453.wav,spoof
T_1002454.wav,spoof
T_1002455.wav,spoof
T_1002456.wav,spoof
T_1002457.wav,spoof
T_1002458.wav,spoof
T_1002459.wav,spoof
T_1002460.wav,spoof
T_1002461.wav,spoof
T_1002462.wav,spoof
T_1002463.wav,spoof
T_1002464.wav,spoof
T_1002465.wav,spoof
T_1002466.wav,spoof
T_1002467.wav,spoof
T_1002468.wav,spoof
T_1002469.wav,spoof
T_1002470.wav,spoof
T_1002471.wav,spoof
T_1002472.wav,spoof
T_1002473.wav,spoof
T_1002474.wav,spoof
T_1002475.wav,spoof
T_1002476.wav,spoof
T_1002477.wav,spoof
T_1002478.wav,spoof
T_1002479.wav,spoof
T_1002480.wav,spoof
T_1002481.wav,spoof
T_1002482.wav,spoof
T_1002483.wav,spoof
T_1002484.wav,spoof
T_1002485.wav,spoof
T_1002486.wav,spoof
T_1002487.wav,spoof
T_1002488.wav,spoof
T_1002489.wav,spoof
T_1002490.wav,spoof
T_1002491.wav,spoof
T_1002492.wav,spoof
T_1002493.wav,spoof
T_1002494.wav,spoof
T_1002495.wav,spoof
T_1002496.wav,spoof
T_1002497.wav,spoof
T_1002498.wav,spoof
T_1002499.wav,spoof
T_1002500.wav,spoof
T_1002501.wav,spoof
T_1002502.wav,spoof
T_1002503.wav,spoof
T_1002504.wav,spoof
T_1002505.wav,spoof
T_1002506.wav,spoof
T_1002507.wav,spoof
T_1002508.wav,spoof
T_1002509.wav,spoof
T_1002510.wav,spoof
T_1002511.wav,spoof
T_1002512.wav,spoof
T_1002513.wav,spoof
T_1002514.wav,spoof
T_1002515.wav,spoof
T_1002516.wav,spoof
T_1002517.wav,spoof
T_1002518.wav,spoof
T_1002519.wav,spoof
T_1002520.wav,spoof
T_1002521.wav,spoof
T_1002522.wav,spoof
T_1002523.wav,spoof
T_1002524.wav,spoof
T_1002525.wav,spoof
T_1002526.wav,spoof
T_1002527.wav,spoof
T_1002528.wav,spoof
T_1002529.wav,spoof
T_1002530.wav,spoof
T_1002531.wav,spoof
T_1002532.wav,spoof
T_1002533.wav,spoof
T_1002534.wav,spoof
T_1002535.wav,spoof
T_1002536.wav,spoof
T_1002537.wav,spoof
T_1002538.wav,spoof
T_1002539.wav,spoof
T_1002540.wav,spoof
T_1002541.wav,spoof
T_1002542.wav,spoof
T_1002543.wav,spoof
T_1002544.wav,spoof
T_1002545.wav,spoof
T_1002546.wav,spoof
T_1002547.wav,spoof
T_1002548.wav,spoof
T_1002549.wav,spoof
T_1002550.wav,spoof
T_1002551.wav,spoof
T_1002552.wav,spoof
T_1002553.wav,spoof
T_1002554.wav,spoof
T_1002555.wav,spoof
T_1002556.wav,spoof
T_1002557.wav,spoof
T_1002558.wav,spoof
T_1002559.wav,spoof
T_1002560.wav,spoof
T_1002561.wav,spoof
T_1002562.wav,spoof
T_1002563.wav,spoof
T_1002564.wav,spoof
T_1002565.wav,spoof
T_1002566.wav,spoof
T_1002567.wav,spoof
T_1002568.wav,spoof
T_1002569.wav,spoof
T_1002570.wav,spoof
T_1002571.wav,spoof
T_1002572.wav,spoof
T_1002573.wav,spoof
T_1002574.wav,spoof
T_1002575.wav,spoof
T_1002576.wav,spoof
T_1002577.wav,spoof
T_1002578.wav,spoof
T_1002579.wav,spoof
T_1002580.wav,spoof
T_1002581.wav,spoof
T_1002582.wav,spoof
T_1002583.wav,spoof
T_1002584.wav,spoof
T_1002585.wav,spoof
T_1002586.wav,spoof
T_1002587.wav,spoof
T_1002588.wav,spoof
T_1002589.wav,spoof
T_1002590.wav,spoof
T_1002591.wav,spoof
T_1002592.wav,spoof
T_1002593.wav,spoof
T_1002594.wav,spoof
T_1002595.wav,spoof
T_1002596.wav,spoof
T_1002597.wav,spoof
T_1002598.wav,spoof
T_1002599.wav,spoof
T_1002600.wav,spoof
T_1002601.wav,spoof
T_1002602.wav,spoof
T_1002603.wav,spoof
T_1002604.wav,spoof
T_1002605.wav,spoof
T_1002606.wav,spoof
T_1002607.wav,spoof
T_1002608.wav,spoof
T_1002609.wav,spoof
T_1002610.wav,spoof
T_1002611.wav,spoof
T_1002612.wav,spoof
T_1002613.wav,spoof
T_1002614.wav,spoof
T_1002615.wav,spoof
T_1002616.wav,spoof
T_1002617.wav,spoof
T_1002618.wav,spoof
T_1002619.wav,spoof
T_1002620.wav,spoof
T_1002621.wav,spoof
T_1002622.wav,spoof
T_1002623.wav,spoof
T_1002624.wav,spoof
T_1002625.wav,spoof
T_1002626.wav,spoof
T_1002627.wav,spoof
T_1002628.wav,spoof
T_1002629.wav,spoof
T_1002630.wav,spoof
T_1002631.wav,spoof
T_1002632.wav,spoof
T_1002633.wav,spoof
T_1002634.wav,spoof
T_1002635.wav,spoof
T_1002636.wav,spoof
T_1002637.wav,spoof
T_1002638.wav,spoof
T_1002639.wav,spoof
T_1002640.wav,spoof
T_1002641.wav,spoof
T_1002642.wav,spoof
T_1002643.wav,spoof
T_1002644.wav,spoof
T_1002645.wav,spoof
T_1002646.wav,spoof
T_1002647.wav,spoof
T_1002648.wav,spoof
T_1002649.wav,spoof
T_1002650.wav,spoof
T_1002651.wav,spoof
T_1002652.wav,spoof
T_1002653.wav,spoof
T_1002654.wav,spoof
T_1002655.wav,spoof
T_1002656.wav,spoof
T_1002657.wav,spoof
T_1002658.wav,spoof
T_1002659.wav,spoof
T_1002660.wav,spoof
T_1002661.wav,spoof
T_1002662.wav,spoof
T_1002663.wav,spoof
T_1002664.wav,spoof
T_1002665.wav,spoof
T_1002666.wav,spoof
T_1002667.wav,spoof
T_1002668.wav,spoof
T_1002669.wav,spoof
T_1002670.wav,spoof
T_1002671.wav,spoof
T_1002672.wav,spoof
T_1002673.wav,spoof
T_1002674.wav,spoof
T_1002675.wav,spoof
T_1002676.wav,spoof
T_1002677.wav,spoof
T_1002678.wav,spoof
T_1002679.wav,spoof
T_1002680.wav,spoof
T_1002681.wav,spoof
T_1002682.wav,spoof
T_1002683.wav,spoof
T_1002684.wav,spoof
T_1002685.wav,spoof
T_1002686.wav,spoof
T_1002687.wav,spoof
T_1002688.wav,spoof
T_1002689.wav,spoof
T_1002690.wav,spoof
T_1002691.wav,spoof
T_1002692.wav,spoof
T_1002693.wav,spoof
T_1002694.wav,spoof
T_1002695.wav,spoof
T_1002696.wav,spoof
T_1002697.wav,spoof
T_1002698.wav,spoof
T_1002699.wav,spoof
T_1002700.wav,spoof
T_1002701.wav,spoof
T_1002702.wav,spoof
T_1002703.wav,spoof
T_1002704.wav,spoof
T_1002705.wav,spoof
T_1002706.wav,spoof
T_1002707.wav,spoof
T_1002708.wav,spoof
T_1002709.wav,spoof
T_1002710.wav,spoof
T_1002711.wav,spoof
T_1002712.wav,spoof
T_1002713.wav,spoof
T_1002714.wav,spoof
T_1002715.wav,spoof
T_1002716.wav,spoof
T_1002717.wav,spoof
T_1002718.wav,spoof
T_1002719.wav,spoof
T_1002720.wav,spoof
T_1002721.wav,spoof
T_1002722.wav,spoof
T_1002723.wav,spoof
T_1002724.wav,spoof
T_1002725.wav,spoof
T_1002726.wav,spoof
T_1002727.wav,spoof
T_1002728.wav,spoof
T_1002729.wav,spoof
T_1002730.wav,spoof
T_1002731.wav,spoof
T_1002732.wav,spoof
T_1002733.wav,spoof
T_1002734.wav,spoof
T_1002735.wav,spoof
T_1002736.wav,spoof
T_1002737.wav,spoof
T_1002738.wav,spoof
T_1002739.wav,spoof
T_1002740.wav,spoof
T_1002741.wav,spoof
T_1002742.wav,spoof
T_1002743.wav,spoof
T_1002744.wav,spoof
T_1002745.wav,spoof
T_1002746.wav,spoof
T_1002747.wav,spoof
T_1002748.wav,spoof
T_1002749.wav,spoof
T_1002750.wav,spoof
T_1002751.wav,spoof
T_1002752.wav,spoof
T_1002753.wav,spoof
T_1002754.wav,spoof
T_1002755.wav,spoof
T_1002756.wav,spoof
T_1002757.wav,spoof
T_1002758.wav,spoof
T_1002759.wav,spoof
T_1002760.wav,spoof
T_1002761.wav,spoof
T_1002762.wav,spoof
T_1002763.wav,spoof
T_1002764.wav,spoof
T_1002765.wav,spoof
T_1002766.wav,spoof
T_1002767.wav,spoof
T_1002768.wav,spoof
T_1002769.wav,spoof
T_1002770.wav,spoof
T_1002771.wav,spoof
T_1002772.wav,spoof
T_1002773.wav,spoof
T_1002774.wav,spoof
T_1002775.wav,spoof
T_1002776.wav,spoof
T_1002777.wav,spoof
T_1002778.wav,spoof
T_1002779.wav,spoof
T_1002780.wav,spoof
T_1002781.wav,spoof
T_1002782.wav,spoof
T_1002783.wav,spoof
T_1002784.wav,spoof
T_1002785.wav,spoof
T_1002786.wav,spoof
T_1002787.wav,spoof
T_1002788.wav,spoof
T_1002789.wav,spoof
T_1002790.wav,spoof
T_1002791.wav,spoof
T_1002792.wav,spoof
T_1002793.wav,spoof
T_1002794.wav,spoof
T_1002795.wav,spoof
T_1002796.wav,spoof
T_1002797.wav,spoof
T_1002798.wav,spoof
T_1002799.wav,spoof
T_1002800.wav,spoof
T_1002801.wav,spoof
T_1002802.wav,spoof
T_1002803.wav,spoof
T_1002804.wav,spoof
T_1002805.wav,spoof
T_1002806.wav,spoof
T_1002807.wav,spoof
T_1002808.wav,spoof
T_1002809.wav,spoof
T_1002810.wav,spoof
T_1002811.wav,spoof
T_1002812.wav,spoof
T_1002813.wav,spoof
T_1002814.wav,spoof
T_1002815.wav,spoof
T_1002816.wav,spoof
T_1002817.wav,spoof
T_1002818.wav,spoof
T_1002819.wav,spoof
T_1002820.wav,spoof
T_1002821.wav,spoof
T_1002822.wav,spoof
T_1002823.wav,spoof
T_1002824.wav,spoof
T_1002825.wav,spoof
T_1002826.wav,spoof
T_1002827.wav,spoof
T_1002828.wav,spoof
T_1002829.wav,spoof
T_1002830.wav,spoof
T_1002831.wav,spoof
T_1002832.wav,spoof
T_1002833.wav,spoof
T_1002834.wav,spoof
T_1002835.wav,spoof
T_1002836.wav,spoof
T_1002837.wav,spoof
T_1002838.wav,spoof
T_1002839.wav,spoof
T_1002840.wav,spoof
T_1002841.wav,spoof
T_1002842.wav,spoof
T_1002843.wav,spoof
T_1002844.wav,spoof
T_1002845.wav,spoof
T_1002846.wav,spoof
T_1002847.wav,spoof
T_1002848.wav,spoof
T_1002849.wav,spoof
T_1002850.wav,spoof
T_1002851.wav,spoof
T_1002852.wav,spoof
T_1002853.wav,spoof
T_1002854.wav,spoof
T_1002855.wav,spoof
T_1002856.wav,spoof
T_1002857.wav,spoof
T_1002858.wav,spoof
T_1002859.wav,spoof
T_1002860.wav,spoof
T_1002861.wav,spoof
T_1002862.wav,spoof
T_1002863.wav,spoof
T_1002864.wav,spoof
T_1002865.wav,spoof
T_1002866.wav,spoof
T_1002867.wav,spoof
T_1002868.wav,spoof
T_1002869.wav,spoof
T_1002870.wav,spoof
T_1002871.wav,spoof
T_1002872.wav,spoof
T_1002873.wav,spoof
T_1002874.wav,spoof
T_1002875.wav,spoof
T_1002876.wav,spoof
T_1002877.wav,spoof
T_1002878.wav,spoof
T_1002879.wav,spoof
T_1002880.wav,spoof
T_1002881.wav,spoof
T_1002882.wav,spoof
T_1002883.wav,spoof
T_1002884.wav,spoof
T_1002885.wav,spoof
T_1002886.wav,spoof
T_1002887.wav,spoof
T_1002888.wav,spoof
T_1002889.wav,spoof
T_1002890.wav,spoof
T_1002891.wav,spoof
T_1002892.wav,spoof
T_1002893.wav,spoof
T_1002894.wav,spoof
T_1002895.wav,spoof
T_1002896.wav,spoof
T_1002897.wav,spoof
T_1002898.wav,spoof
T_1002899.wav,spoof
T_1002900.wav,spoof
T_1002901.wav,spoof
T_1002902.wav,spoof
T_1002903.wav,spoof
T_1002904.wav,spoof
T_1002905.wav,spoof
T_1002906.wav,spoof
T_1002907.wav,spoof
T_1002908.wav,spoof
T_1002909.wav,spoof
T_1002910.wav,spoof
T_1002911.wav,spoof
T_1002912.wav,spoof
T_1002913.wav,spoof
T_1002914.wav,spoof
T_1002915.wav,spoof
T_1002916.wav,spoof
T_1002917.wav,spoof
T_1002918.wav,spoof
T_1002919.wav,spoof
T_1002920.wav,spoof
T_1002921.wav,spoof
T_1002922.wav,spoof
T_1002923.wav,spoof
T_1002924.wav,spoof
T_1002925.wav,spoof
T_1002926.wav,spoof
T_1002927.wav,spoof
T_1002928.wav,spoof
T_1002929.wav,spoof
T_1002930.wav,spoof
T_1002931.wav,spoof
T_1002932.wav,spoof
T_1002933.wav,spoof
T_1002934.wav,spoof
T_1002935.wav,spoof
T_1002936.wav,spoof
T_1002937.wav,spoof
T_1002938.wav,spoof
T_1002939.wav,spoof
T_1002940.wav,spoof
T_1002941.wav,spoof
T_1002942.wav,spoof
T_1002943.wav,spoof
T_1002944.wav,spoof
T_1002945.wav,spoof
T_1002946.wav,spoof
T_1002947.wav,spoof
T_1002948.wav,spoof
T_1002949.wav,spoof
T_1002950.wav,spoof
T_1002951.wav,spoof
T_1002952.wav,spoof
T_1002953.wav,spoof
T_1002954.wav,spoof
T_1002955.wav,spoof
T_1002956.wav,spoof
T_1002957.wav,spoof
T_1002958.wav,spoof
T_1002959.wav,spoof
T_1002960.wav,spoof
T_1002961.wav,spoof
T_1002962.wav,spoof
T_1002963.wav,spoof
T_1002964.wav,spoof
T_1002965.wav,spoof
T_1002966.wav,spoof
T_1002967.wav,spoof
T_1002968.wav,spoof
T_1002969.wav,spoof
T_1002970.wav,spoof
T_1002971.wav,spoof
T_1002972.wav,spoof
T_1002973.wav,spoof
T_1002974.wav,spoof
T_1002975.wav,spoof
T_1002976.wav,spoof
T_1002977.wav,spoof
T_1002978.wav,spoof
T_1002979.wav,spoof
T_1002980.wav,spoof
T_1002981.wav,spoof
T_1002982.wav,spoof
T_1002983.wav,spoof
T_1002984.wav,spoof
T_1002985.wav,spoof
T_1002986.wav,spoof
T_1002987.wav,spoof
T_1002988.wav,spoof
T_1002989.wav,spoof
T_1002990.wav,spoof
T_1002991.wav,spoof
T_1002992.wav,spoof
T_1002993.wav,spoof
T_1002994.wav,spoof
T_1002995.wav,spoof
T_1002996.wav,spoof
T_1002997.wav,spoof
T_1002998.wav,spoof
T_1002999.wav,spoof
T_1003000.wav,spoof
T_1003001.wav,spoof
T_1003002.wav,spoof
T_1003003.wav,spoof
T_1003004.wav,spoof
T_1003005.wav,spoof
T_1003006.wav,spoof
T_1003007.wav,spoof
T_1003008.wav,spoof
T_1003009.wav,spoof
T_1003010.wav,spoof
T_1003011.wav,spoof
T_1003012.wav,spoof
T_1003013.wav,spoof
T_1003014.wav,spoof
T_1003015.wav,spoof
T_1003016.wav,spoof
